insert into empresa (cnpj, fantasia, razao_social, tipo) 
values
      ('70.282.646/0001-94','POSTO LOPES','POSTO LOPES SEL', 'Tomador'),
      ('48.265.133/0001-16', 'Artefatos de  Borracharia Inovatex', 'Industria de Artefatos de Borracha Inovatex LTDA', 'Prestador'),
	  ('56.374.411/0001-00','Alfatrade','Brasilink - EIRELI',''),
	  ('06.105.532/0001-70', 'Guias Lellis','Editora de Listas Telefonicas Lellis de Padua LTDA',''),
	  ('03.840.153/0001-35', 'Cartorio Paratodos',  'Cartorio Paratodos LTDA', '');


insert into tomador(data_fim, data_inicio, empresa_id, valor_total) 
values
      ('2018-02-20 18:20', '2018-02-21 17:40', 2, 754.69),
      ('2018-03-30 09:30', '2018-04-15 18:00', 1, 55.50),
      ('2018-03-20 08:20', '2018-03-20 17:40', 5, 150.50),
      ('2018-03-20 10:25', '2018-03-22 10:22', 4 ,1554.56),
      ('2018-04-20 11:45', '2018-05-15 17:40', 1,2500.00),
      ('2018-05-10 18:14', '2018-05-14 19:40', 5, 550.25),
      ('2018-05-12 07:50', '2018-05-25 17:40', 3, 3781.17);

insert into prestador (data_fim, data_inicio, empresa_id, valor_total) 
values
      ('2018-02-20 18:20', '2018-02-21 17:40', 4, 754.69),
      ('2018-03-30 09:30', '2018-04-15 18:00', 5, 55.50),
      ('2018-03-20 08:20', '2018-03-20 17:40', 2, 150.50),
      ('2018-03-20 10:25', '2018-03-22 10:22', 1, 1554.56),
      ('2018-04-20 11:45', '2018-05-15 17:40', 3, 2500.00),
      ('2018-05-10 18:14', '2018-05-14 19:40', 4, 550.25),
      ('2018-05-12 07:50', '2018-05-25 17:40', 2, 3781.17);

insert into nota_fiscal (data, numero, prestador_id, tomador_id, valor_total) 
values
     ('2018-02-20 18:20', 'AOX-2120', 2, 3, 754.69),
   	 ('2018-03-30 09:30', 'TEX-030', 1, 2, 55.50),
     ('2018-03-20 08:20', 'XYZ-3020', 6, 4, 150.50),
     ('2018-03-20 10:25', 'PUG-0520', 5, 1, 1554.56),
     ('2018-05-14 19:40', 'TAH-0901', 3, 5, 2500.00),
     
	 ('2018-02-20 18:20', 'AOX-2120', 6, 1, 754.69),
   	 ('2018-03-30 09:30', 'TEX-030', 3, 2, 55.50),
     ('2018-03-20 08:20', 'XYZ-3020', 4, 5, 150.50),
     ('2018-03-20 10:25', 'PUG-0520', 5, 3, 1554.56),
     ('2018-05-14 19:40', 'TAH-0901', 1, 6, 2500.00);

